Referencia;FechaIngreso;TipoHospital;Operacion;Ubicacion;CapacidadCamas;PresupuestoAnual;FechaUltimaInspeccion;Director;Estatus;PersonalTotal;PorcentajeOcupacion
1;09-09-2023;Privado;En Construcción;América Latina|Senegal|Williamshaven;51;$8737804;2022/09/03;Sandra Faulkner;C = Cerrado;1015;51
2;28/10/2018;Público;Cerrado;América Latina|Uganda|New Donald;152;$$9506908;10/12/2020;Robert Archer;F = Funcionando;1567;12%
3;27/07/2020;Clínica;Activo;América Latina|Romania|West Corey;327;$3363947;11/08/2020;Erin Castro;C-=-Cerrado;171;87%
4;13/10/2018;Clínica ;Activo; América Latina|Germany|New Thomas ;999;$18589618;27/07/2024;Robert Dunn ;M = Mantenimiento;926;66%
5;21/05/2015; Clínica ;En Construcción; América Latina|Saint Helena|Pagetown ;737;$88346;21/04/2023;Felicia Cross ;C = Cerrado;1030;42%
6;13/04/2022; Clínica ;Activo;América Latina|Bahrain|New Jeffrey ;254;$4831318;05/04/2024;Joshua Davis ;C = Cerrado;937;11%
7;2025/03/06;Público;En Construcción;América Latina|Turkey|Rodriguezside;574;$9817382;12-09-2021;Gary Nielsen;C = Cerrado;275;70
8;11/04/2017; Clínica ;Cerrado;América Latina|South Georgia and the South Sandwich Islands|Seanfurt ;304;$14981354;30/10/2021; Clinton Underwood ;F = Funcionando;1241;49%
9;29/07/2015;Público;Cerrado;América Latina|Palestinian Territory|Thomasland;682;$8776038;22/08/2023;Chase Johnson;M-=-Mantenimiento;161;11%
10;18/01/2016;Público;Cerrado;América Latina|Reunion|Masseyhaven;955;$18189523;15/08/2021;Sarah Jacobson;C-=-Cerrado;821;90%
11;21/02/2021;Clínica;Cerrado;América Latina|Zambia|Rileymouth;855;$$14123508;16/09/2022;Melody Haas;C = Cerrado;583;57%
12;26/10/2018;Privado;Activo;América Latina|Greece|South Brendamouth;342;$3920495;20/06/2024;Nicholas Wilson;M-=-Mantenimiento;1222;80%
13;13/06/2017; Clínica ;Activo; América Latina|South Africa|West Ronald ;390;$5770419;21/07/2020;Savannah Robinson ;M = Mantenimiento;892;7%
14;01/06/2023;Clínica ;Cerrado;América Latina|North Macedonia|North Davidborough ;941;$17974709;11/04/2023;Jeanne Wood ;C = Cerrado;1413;9%
15;18/01/2025;Privado ;Activo; América Latina|Argentina|East Susanburgh ;389;$3943862;01/11/2023;Nicholas Brown ;F = Funcionando;1260;2%
16;14/01/2022; Clínica ;Activo;América Latina|Mayotte|Oliverview ;969;$814456;04/08/2020; Eric Graham ;C = Cerrado;891;79%
17;2015/11/08;Privado;En Construcción;América Latina|Lao People's Democratic Republic|New Craigfurt;194;$2098244;2021/03/29;Nicholas Massey;C = Cerrado;976;5
18;06/06/2024;Clínica ;En Construcción; América Latina|Chile|Port Brian ;868;$19168259;17/08/2023;Gloria King ;F = Funcionando;1448;86%
19;19/03/2021;Público;En Construcción;América Latina|Kenya|North Thomas;552;$$8461671;17/04/2022;Katie Collins;F = Funcionando;1242;56%
20;25/10/2018;Clínica ;En Construcción;América Latina|Taiwan|Erictown ;674;$12034021;14/07/2022; Patrick Stephens ;M = Mantenimiento;1735;84%
21;04/08/2016;Privado;Cerrado;América Latina|Serbia|Bellport;56;$$18314331;12/08/2023;Stephanie Nash;M = Mantenimiento;296;30%
22;2016/07/26;Clínica;Cerrado;América Latina|Georgia|Goodmanland;884;$4490737;01-04-2020;George Allen;C = Cerrado;655;49
23;14-08-2021;Clínica;En Construcción;América Latina|Honduras|Johnsonshire;173;$8083466;2022/05/03;Amber Griffin;F = Funcionando;1325;57
24;01/11/2017; Privado ;Cerrado; América Latina|Cayman Islands|Rosefort ;591;$14083354;13/10/2024;April Williams ;C = Cerrado;1472;5%
25;03/07/2018; Privado ;Cerrado;América Latina|Taiwan|Williamschester ;628;$52320;08/03/2021;Miss Angela Swanson DVM ;F = Funcionando;1032;41%
26;2019/04/06;Privado;Activo;América Latina|Philippines|Stewartborough;571;$2850689;2020/04/25;Veronica Lowe;C = Cerrado;287;1
27;13/05/2021;Clínica ;Activo; América Latina|Comoros|New Debraport ;852;$17778349;23/08/2021;Ariel Nash ;C = Cerrado;220;24%
28;19/03/2019; Público ;Activo;América Latina|Belgium|West Robinville ;497;$13360914;20/07/2024;Joseph Curtis ;C = Cerrado;186;2%
29;18/09/2018; Público ;Cerrado;América Latina|Tunisia|West Melissa ;543;$11695166;15/06/2020; David Edwards ;F = Funcionando;1805;19%
30;30-11-2018;Clínica;En Construcción;América Latina|Montenegro|Port Karafort;979;$12360912;2023/10/22;Margaret Watson;C = Cerrado;1883;5
31;16/08/2020; Clínica ;En Construcción; América Latina|Cote d'Ivoire|Matthewstown ;665;$14660962;07/12/2020; George Richardson ;M = Mantenimiento;1804;68%
32;07/03/2016;Privado;En Construcción;América Latina|Slovakia (Slovak Republic)|North Josephberg;355;$12371236;25/02/2025;James Kelley;C-=-Cerrado;211;43%
33;06/03/2018;Clínica ;En Construcción; América Latina|Lesotho|North Kyle ;379;$13297020;12/07/2024;Elizabeth Houston ;C = Cerrado;285;37%
34;28/03/2018; Clínica ;Cerrado; América Latina|Botswana|New Reginafort ;82;$10205942;05/12/2021;Robin Martinez ;M = Mantenimiento;1731;42%
35;27/05/2016;Privado;En Construcción;América Latina|Luxembourg|Johnsonmouth;137;$$16125476;02/12/2023;Tamara Sims;F = Funcionando;1452;63%
36;31/12/2018;Público;Cerrado;América Latina|Northern Mariana Islands|North Lindseyborough;588;$12652083;30/12/2023;Adam Long;C-=-Cerrado;198;8%
37;2020/06/07;Público;En Construcción;América Latina|Kiribati|Kramerborough;579;$17464875;2022/05/11;William Green;M = Mantenimiento;938;62
38;06/01/2023;Público ;En Construcción; América Latina|Jersey|West Danny ;609;$5639534;09/05/2024;Alyssa Fox ;M = Mantenimiento;413;45%
39;08/10/2022;Clínica ;En Construcción;América Latina|Cook Islands|South Raymondborough ;780;$6817523;14/06/2023;Rebecca Hanson MD ;F = Funcionando;1038;50%
40;30/10/2019;Clínica;Activo;América Latina|Guyana|North Vanessa;117;$$6692772;27/02/2025;Jared Frazier;M = Mantenimiento;794;46%
41;09/01/2024;Público;Cerrado;América Latina|Lithuania|Marthafort;425;$14251540;03/06/2023;Kimberly Velazquez;C-=-Cerrado;1034;86%
42;05-05-2015;Clínica;Activo;América Latina|Romania|Lisaton;565;$7390807;2022/11/14;Lindsey Moore;F = Funcionando;716;90
43;2019/01/13;Público;En Construcción;América Latina|French Polynesia|Jonesland;627;$5281315;2022/10/29;Andrea Anderson;M = Mantenimiento;1213;37
44;01/04/2018;Público;Activo;América Latina|Senegal|Riveraburgh;240;$$4428657;31/03/2024;Julia Watson;F = Funcionando;635;1%
45;25/01/2019;Clínica;En Construcción;América Latina|Marshall Islands|New Christopherhaven;390;$$16994977;13/01/2024;Nicole Bullock MD;M = Mantenimiento;1865;67%
46;06/08/2020;Clínica;Activo;América Latina|Netherlands Antilles|Petersenfort;774;$$14356491;21/06/2024;Lisa Hall;F = Funcionando;613;68%
47;23/11/2023;Privado;Cerrado;América Latina|Angola|Lake Hunterhaven;610;$$7887345;04/02/2023;Johnny Green;F-=-Funcionando;1365;0%
48;30/06/2023;Privado ;En Construcción; América Latina|Sierra Leone|Cruzfurt ;975;$10210445;21/07/2020; Bethany Mitchell ;M = Mantenimiento;806;49%
49;18-07-2023;Privado;Activo;América Latina|Azerbaijan|South Robertfort;974;$1255739;10-09-2024;Angela Hale;M = Mantenimiento;875;18
50;07/05/2023;Público;En Construcción;América Latina|Guinea|Johnsonmouth;431;$$1230437;06/03/2022;John Hernandez;C-=-Cerrado;974;49%
51;27/07/2015;Clínica;Cerrado;América Latina|Niger|Lake Mario;145;$$10918661;30/09/2023;Chloe Logan;F = Funcionando;1453;70%
52;08-01-2023;Público;Activo;América Latina|Bouvet Island (Bouvetoya)|New Jaclynmouth;634;$15726241;2023/07/01;Michelle Phillips;C = Cerrado;1314;43
53;26/09/2023;Público;En Construcción;América Latina|United States Minor Outlying Islands|Lloydville;828;$$9908410;03/11/2022;Chelsea Casey;C = Cerrado;1806;87%
54;10/09/2019;Público;En Construcción;América Latina|Saudi Arabia|South Michael;465;$12518210;28/05/2023;Stephanie Williams;F = Funcionando;952;45%
55;18/10/2017;Privado;En Construcción;América Latina|Anguilla|East Clayton;932;$944426;05/05/2024;Peggy Hale;C = Cerrado;1385;72%
56;12/06/2019;Clínica;Cerrado;América Latina|Gambia|East Ronaldshire;725;$$17622843;10/05/2022;Brian Brown;M-=-Mantenimiento;1058;39%
57;25/05/2019;Público ;Activo; América Latina|Cape Verde|Port Seanchester ;435;$2161339;24/05/2020;Tonya Sharp ;F = Funcionando;870;99%
58;11/01/2016;Privado;Activo;América Latina|Barbados|West Heatherstad;518;$$10938383;25/12/2021;William Fuentes;C-=-Cerrado;537;10%
59;13/12/2015;Público;Activo;América Latina|Uganda|East Aaron;860;$7784079;17/07/2023;Stephanie Adkins;M = Mantenimiento;164;76%
60;06/03/2018;Público;Cerrado;América Latina|Portugal|New Jesseberg;17;$9890271;06/03/2021;Gregory Haley;M-=-Mantenimiento;1432;3%
61;18/07/2016;Privado;En Construcción;América Latina|Cote d'Ivoire|Matthewport;734;$8714386;22/09/2021;Kristen Murphy;F = Funcionando;77;26%
62;05/03/2021;Clínica;Cerrado;América Latina|Belgium|New Beverlyburgh;344;$6225543;16/02/2022;Calvin Walker;C-=-Cerrado;185;13%
63;29/04/2020; Público ;Activo;América Latina|Dominica|West Nathan ;333;$17106806;24/07/2023;Lindsay Long ;F = Funcionando;504;96%
64;08/04/2022;Clínica;Activo;América Latina|Bulgaria|Evanschester;413;$$2664598;13/12/2023;Jay Walsh;C-=-Cerrado;169;16%
65;02/02/2016;Privado;En Construcción;América Latina|Kenya|Danahaven;662;$$11947197;13/07/2020;Jason Chandler;F-=-Funcionando;528;56%
66;14/06/2018; Público ;En Construcción;América Latina|Costa Rica|Kellyfort ;995;$10809933;12/09/2020;Brian Rodriguez ;M = Mantenimiento;437;47%
67;20/04/2021; Privado ;Activo;América Latina|Cape Verde|Hebertburgh ;581;$5213316;31/01/2024; David Chavez ;C = Cerrado;933;51%
68;13/08/2024;Privado ;Cerrado;América Latina|Cambodia|Stevenland ;155;$11974152;29/08/2022; Aaron Hale ;M = Mantenimiento;1313;81%
69;07/06/2021;Privado;Cerrado;América Latina|Albania|West Danny;483;$$310941;20/02/2025;Lee Coleman;F-=-Funcionando;631;14%
70;04/10/2022;Clínica;En Construcción;América Latina|Bermuda|Wolfbury;104;$16749356;18/12/2022;Mark Smith;F-=-Funcionando;1133;97%
71;11/12/2017;Clínica;Activo;América Latina|Paraguay|North Jonathanhaven;10;$$8659255;12/09/2024;Jill Francis;M-=-Mantenimiento;1097;74%
72;13/10/2018; Clínica ;Activo; América Latina|Tunisia|New Christopher ;619;$2910825;05/08/2020;Joseph Wilson ;F = Funcionando;164;33%
73;03/11/2023;Público;Activo;América Latina|Uganda|North Robert;434;$$9770448;10/09/2021;Laura Burton;M-=-Mantenimiento;1084;17%
74;23/07/2020;Clínica;Cerrado;América Latina|Isle of Man|Figueroaview;423;$9398754;14/09/2021;Mark Moore;M-=-Mantenimiento;925;47%
75;20/03/2022;Privado;Cerrado;América Latina|Hong Kong|Garzaberg;489;$4731953;16/01/2023;Mark Newton;C-=-Cerrado;1388;38%
76;04/06/2017;Clínica;Cerrado;América Latina|Liechtenstein|Trevorton;335;$16582931;19/06/2022;Jon Clay;C = Cerrado;1982;7%
77;27-05-2017;Público;Activo;América Latina|Guinea|Myerstown;373;$15871883;2024/06/23;Melissa Miller;M = Mantenimiento;1839;1
78;26-09-2024;Clínica;Cerrado;América Latina|Uzbekistan|Smithton;414;$265535;28-10-2020;Devin Bowman;M = Mantenimiento;104;14
79;2018/03/03;Clínica;Activo;América Latina|United Arab Emirates|East Karen;154;$19271667;2021/09/07;Joel Rivera;M = Mantenimiento;411;13
80;04/12/2016; Clínica ;Cerrado; América Latina|Italy|Hernandezberg ;455;$5016703;12/11/2022; Thomas Wallace ;M = Mantenimiento;1931;90%
81;20/02/2023;Privado;En Construcción;América Latina|Iceland|Romanfurt;447;$16557388;23/11/2023;Jessica Harris;M = Mantenimiento;1514;28%
82;2022/05/06;Privado;Activo;América Latina|United Kingdom|Johnsonland;249;$2890619;2024/08/07;Patrick Byrd;F = Funcionando;764;7
83;29/07/2017;Público;Cerrado;América Latina|French Southern Territories|Lake Mistyport;899;$$17233850;07/02/2024;Jennifer Brown;M = Mantenimiento;1599;45%
84;19/03/2022; Clínica ;Cerrado; América Latina|Papua New Guinea|Carpenterfort ;962;$14498689;08/07/2021; George Williams ;C = Cerrado;951;62%
85;08/10/2015;Público ;Activo;América Latina|Guernsey|West Diamondberg ;368;$180008;24/07/2020;Daniel Franklin ;M = Mantenimiento;1360;0%
86;27/10/2020;Privado;Cerrado;América Latina|Cyprus|Leeville;953;$7464621;11/04/2023;Francis Herrera;M-=-Mantenimiento;414;43%
87;06/03/2024; Clínica ;En Construcción;América Latina|Equatorial Guinea|New Bradleystad ;924;$10960004;23/08/2020; Haley Hood ;M = Mantenimiento;79;66%
88;03/10/2017; Público ;Activo; América Latina|Saint Lucia|Larryfurt ;267;$10160666;08/07/2021;Micheal Williams ;M = Mantenimiento;1078;49%
89;02/08/2024;Clínica ;Activo; América Latina|Barbados|South Tylermouth ;19;$15516279;24/06/2020;Veronica Stevens ;M = Mantenimiento;1503;56%
90;04/06/2016;Público ;Activo;América Latina|Belgium|North Margaret ;93;$8141463;04/01/2021; Cindy Salazar ;F = Funcionando;1712;97%
91;05/06/2023; Privado ;Cerrado; América Latina|Monaco|Williamsburgh ;782;$13286251;29/06/2021;Ryan Ramirez ;F = Funcionando;1983;23%
92;07-10-2018;Privado;En Construcción;América Latina|Jordan|New Rachelside;455;$3649899;10-03-2024;Paula Palmer;C = Cerrado;1862;36
93;12/11/2019; Clínica ;Cerrado; América Latina|North Macedonia|Josephtown ;483;$18040712;01/11/2020;Annette Quinn ;C = Cerrado;554;34%
94;24/09/2017;Clínica;En Construcción;América Latina|Finland|Lake Amandachester;264;$$7367037;16/07/2024;Matthew Wilson;M-=-Mantenimiento;1821;94%
95;14-08-2022;Público;Activo;América Latina|Guinea-Bissau|Lake Jennifer;403;$9193073;23-12-2022;Patrick Valenzuela;F = Funcionando;1529;72
96;22/11/2015;Público;Cerrado;América Latina|Gambia|Jesusfort;861;$$8107630;05/09/2021;Robert Tran;F-=-Funcionando;1081;39%
97;10/07/2018;Público;Activo;América Latina|Myanmar|Port Davidfurt;839;$$570052;07/01/2021;William Taylor;C = Cerrado;1053;41%
98;23-04-2017;Público;Activo;América Latina|United States Virgin Islands|Hudsonborough;532;$2615444;02-06-2021;David Cruz;F = Funcionando;1586;26
99;30/04/2021;Público;Activo;América Latina|Bulgaria|Lesterville;760;$$4483500;29/04/2023;Kyle Burns;F = Funcionando;1576;49%
100;01/05/2018;Público;Cerrado;América Latina|Cyprus|Lake Natasha;863;$$922900;16/04/2024;Kimberly Padilla;C = Cerrado;1240;45%
101;12/01/2016;Público;Cerrado;América Latina|Burundi|Warnermouth;910;$16649341;03/03/2024;Anthony Johnson;C = Cerrado;1004;69%
102;05/07/2022;Privado;Cerrado;América Latina|Egypt|Michellebury;878;$2693161;18/07/2021;Elizabeth Kelly;M = Mantenimiento;301;77%
103;21/08/2020;Privado;Cerrado;América Latina|Saint Martin|West Andrew;205;$10667315;21/05/2023;Andrew Perez;M = Mantenimiento;806;7%
104;13/10/2021;Público;Activo;América Latina|Bangladesh|West Teresachester;332;$8425487;03/12/2020;Joann Thomas;M = Mantenimiento;1787;56%
105;13/05/2018;Clínica;Cerrado;América Latina|Pakistan|Jessicachester;685;$7630522;27/02/2022;Dennis Schmidt;M = Mantenimiento;724;85%
106;08/08/2022;Público;En Construcción;América Latina|Poland|Maloneshire;27;$12007387;07/11/2024;James Smith;C = Cerrado;1124;7%
107;16/08/2016;Clínica;Cerrado;América Latina|Trinidad and Tobago|North Mark;164;$11908792;11/06/2024;Danielle Johnson;F = Funcionando;1025;80%
108;24/04/2023;Público;Activo;América Latina|Chile|Lake Christian;257;$1558716;18/11/2024;Lisa Ellis;F = Funcionando;482;83%
109;29/09/2016;Privado;Activo;América Latina|Netherlands|West Matthewfurt;850;$2143990;18/05/2020;Amanda Davis;M = Mantenimiento;1379;54%
110;04/03/2018;Público;Activo;América Latina|Canada|Youngstad;469;$14653331;20/01/2021;Gail Pratt;F = Funcionando;753;39%
111;08/09/2024;Público;Cerrado;América Latina|American Samoa|Alyssaport;346;$13761370;30/12/2022;Patricia Duncan;M = Mantenimiento;39;52%
112;13/11/2017;Privado;Cerrado;América Latina|Poland|South Randallville;554;$15573952;06/04/2022;Alex Singh Jr.;F = Funcionando;1176;15%
113;19/01/2022;Privado;En Construcción;América Latina|Mozambique|Wandaborough;185;$154358;22/01/2024;Jasmin Flowers;C = Cerrado;303;79%
114;01/10/2017;Clínica;Cerrado;América Latina|Brazil|Lindabury;870;$5021689;05/03/2023;Melanie Gomez;F = Funcionando;695;30%
115;29/05/2024;Público;Activo;América Latina|United Arab Emirates|West Meghan;978;$787368;06/05/2024;Amber Moore;F = Funcionando;1541;100%
116;09/09/2018;Clínica;Cerrado;América Latina|French Guiana|Marcusfurt;182;$2683641;01/04/2023;Mrs. Brenda Williams;M = Mantenimiento;1919;76%
117;02/07/2016;Público;Cerrado;América Latina|Vanuatu|Lake Timothyview;653;$15401548;25/12/2023;Joshua Coleman;C = Cerrado;327;78%
118;28/09/2024;Clínica;Activo;América Latina|China|North Donna;268;$11466905;11/01/2021;Jonathan Hogan;C = Cerrado;1520;48%
119;18/04/2021;Público;Cerrado;América Latina|Saudi Arabia|Bakerport;964;$1268564;23/04/2020;Sally Ramirez;M = Mantenimiento;203;45%
120;29/10/2017;Privado;Cerrado;América Latina|Malta|Veronicaborough;164;$15421849;10/10/2023;Charles Smith;F = Funcionando;1059;45%
121;10/05/2020;Público;Cerrado;América Latina|Slovenia|Wardton;781;$13629859;20/01/2023;Lucas Brock;M = Mantenimiento;572;63%
122;11/07/2017;Privado;Activo;América Latina|Andorra|Allisonburgh;328;$17845325;24/08/2023;Lori Crawford;M = Mantenimiento;1147;60%
123;22/07/2022;Público;Cerrado;América Latina|Egypt|West Jacob;594;$18575248;14/01/2024;Kenneth Young;M = Mantenimiento;1933;87%
124;20/05/2022;Público;En Construcción;América Latina|Tonga|East Frankland;414;$4077054;19/11/2024;Teresa King;M = Mantenimiento;729;63%
125;24/01/2024;Público;Activo;América Latina|Singapore|Chelsealand;289;$1200029;11/10/2021;Phillip Harris MD;M = Mantenimiento;1414;87%
126;08/08/2019;Clínica;Cerrado;América Latina|North Macedonia|Terryton;804;$9773322;27/02/2023;Keith Elliott;C = Cerrado;1580;26%
127;10/01/2018;Clínica;Cerrado;América Latina|Swaziland|South Thomashaven;358;$13004418;02/12/2020;Sean Ward;M = Mantenimiento;447;14%
128;09/12/2015;Clínica;En Construcción;América Latina|Saint Barthelemy|Lake Amberton;834;$8191868;25/10/2021;Tiffany Johnson;C = Cerrado;1400;92%
129;04/03/2019;Clínica;Cerrado;América Latina|Brunei Darussalam|Richardberg;906;$11906647;23/03/2023;Eric Brown;F = Funcionando;1896;19%
130;01/07/2016;Privado;Cerrado;América Latina|Burkina Faso|Thorntonton;849;$355081;23/11/2023;Samantha Vazquez;C = Cerrado;1691;6%
131;21/03/2022;Clínica;Activo;América Latina|Iceland|West Lauren;985;$11612225;23/04/2024;Christopher Baker;M = Mantenimiento;616;80%
132;01/04/2023;Privado;En Construcción;América Latina|Greece|Kimberlyhaven;516;$13594524;03/12/2024;Mrs. Stephanie Tran MD;C = Cerrado;902;21%
133;05/02/2021;Público;Activo;América Latina|Norway|Port Leslieland;592;$1513019;17/03/2021;Lisa Burnett;M = Mantenimiento;277;43%
134;19/06/2020;Público;Cerrado;América Latina|Russian Federation|Robertaberg;501;$8693584;17/08/2022;Kimberly Hoover;C = Cerrado;1273;24%
135;05/09/2018;Público;Cerrado;América Latina|Suriname|North Ronaldstad;968;$14273026;04/02/2023;James Cox;M = Mantenimiento;1965;22%
136;29/08/2023;Clínica;Activo;América Latina|North Macedonia|East Logantown;74;$5331527;26/02/2021;George Lawson;C = Cerrado;245;64%
137;08/09/2015;Clínica;Cerrado;América Latina|Oman|Lake Larryfurt;629;$12958347;20/10/2024;Rebecca Jackson;M = Mantenimiento;564;39%
138;05/06/2024;Privado;Activo;América Latina|Vanuatu|South Brianstad;448;$9460030;07/04/2023;Dawn Collins;M = Mantenimiento;1121;67%
139;26/09/2023;Clínica;En Construcción;América Latina|Korea|Whitemouth;360;$6424948;03/04/2024;James Howard;C = Cerrado;1622;55%
140;23/06/2016;Público;Activo;América Latina|Guernsey|East Richardtown;778;$17207769;09/11/2021;Nichole Neal;F = Funcionando;1626;84%
141;04/01/2020;Clínica;Cerrado;América Latina|Togo|New Michelleview;403;$12161187;19/05/2020;Sara Miller;M = Mantenimiento;1964;4%
142;30/10/2018;Clínica;En Construcción;América Latina|Bolivia|Donaldsonberg;661;$7710546;15/10/2024;Donna Johnson;F = Funcionando;761;67%
143;05/01/2019;Público;Cerrado;América Latina|Cayman Islands|East Greg;209;$11944146;06/11/2024;Dana Koch;C = Cerrado;1453;63%
144;29/06/2021;Público;Cerrado;América Latina|Yemen|South Susanfurt;762;$8411577;18/06/2020;Douglas Jackson;C = Cerrado;1846;30%
145;17/08/2017;Privado;Activo;América Latina|Czech Republic|South Steven;977;$14142256;17/08/2024;Karl Smith;F = Funcionando;1193;57%
146;19/07/2024;Público;Cerrado;América Latina|Albania|Higginsburgh;740;$15137886;30/03/2025;Roger Hicks;C = Cerrado;1852;90%
147;17/08/2015;Público;Activo;América Latina|Singapore|New Cherylberg;178;$14830587;12/08/2023;Alexander Graham;F = Funcionando;1920;54%
148;19/05/2024;Clínica;En Construcción;América Latina|Grenada|East Michael;972;$9171864;29/04/2021;Carlos Knight;M = Mantenimiento;915;96%
149;01/10/2018;Privado;Cerrado;América Latina|Bhutan|Huangbury;345;$3091012;07/08/2022;James Brewer;M = Mantenimiento;81;63%
150;20/03/2019;Público;En Construcción;América Latina|Mozambique|Port Johnnyview;217;$13401256;01/09/2024;Alex Carr;M = Mantenimiento;912;99%
151;28/12/2019;Clínica;Cerrado;América Latina|Dominica|Billymouth;699;$13111461;31/07/2024;Mark Ferguson;C = Cerrado;1822;4%
152;09/10/2023;Clínica;En Construcción;América Latina|Cambodia|Johnsonchester;373;$19135379;25/11/2023;Jessica Garcia;F = Funcionando;1175;90%
153;07/11/2019;Privado;En Construcción;América Latina|Kyrgyz Republic|East Matthew;851;$865415;20/04/2022;Whitney Campbell;M = Mantenimiento;990;66%
154;12/04/2020;Público;Activo;América Latina|Venezuela|Michaelstad;93;$19039102;28/01/2024;Nicole Gonzalez;M = Mantenimiento;759;0%
155;26/10/2024;Público;Activo;América Latina|Christmas Island|Kennethton;744;$3768189;12/09/2021;Michael Adams;C = Cerrado;1127;60%
156;10/07/2022;Público;En Construcción;América Latina|Guatemala|East Daniel;960;$901929;11/01/2022;Kenneth Ford;M = Mantenimiento;824;16%
157;30/08/2021;Clínica;En Construcción;América Latina|Russian Federation|Port Ronaldside;426;$4819156;07/12/2020;Christopher Johnson;C = Cerrado;322;51%
158;07/08/2016;Privado;Cerrado;América Latina|Lithuania|Rachelport;71;$5516412;29/10/2023;Bryan Estes;F = Funcionando;1848;17%
159;16/10/2023;Privado;Cerrado;América Latina|Ireland|Rachelmouth;667;$1617453;21/05/2023;Kim Thomas;C = Cerrado;1707;66%
160;03/01/2019;Público;Cerrado;América Latina|Saint Vincent and the Grenadines|Jimmyfurt;717;$13044442;23/12/2021;Kayla Oconnell;F = Funcionando;725;74%
161;15/03/2025;Público;Activo;América Latina|Suriname|Lake Teresaberg;583;$5902743;07/04/2020;Michele Walls;M = Mantenimiento;432;33%
162;01/06/2020;Privado;Cerrado;América Latina|Qatar|New Dawn;735;$8568865;25/02/2025;Michael Mendez;M = Mantenimiento;1079;58%
163;01/01/2019;Público;En Construcción;América Latina|South Africa|North Darrellstad;575;$5177758;01/05/2024;Mr. Jesse Silva;F = Funcionando;1315;74%
164;13/10/2017;Público;Cerrado;América Latina|Libyan Arab Jamahiriya|East Anna;534;$1183995;19/05/2024;Scott Mccall;M = Mantenimiento;1694;9%
165;03/12/2016;Público;Cerrado;América Latina|Sweden|New Robert;820;$15369191;20/07/2023;Michael Baker;C = Cerrado;508;58%
166;12/02/2021;Clínica;Activo;América Latina|Uruguay|Jacksonmouth;736;$11245969;26/01/2023;Tanya Miller;C = Cerrado;296;60%
167;15/02/2021;Clínica;Activo;América Latina|Grenada|New Morgan;566;$2815440;09/06/2020;Debra Romero;C = Cerrado;723;0%
168;02/10/2020;Público;Activo;América Latina|India|Bakerbury;447;$11871901;13/12/2022;Samuel Decker;C = Cerrado;944;42%
169;05/09/2016;Privado;Cerrado;América Latina|Bangladesh|South Phillipchester;380;$4037835;10/01/2023;David Rodriguez;F = Funcionando;668;2%
170;27/08/2016;Público;Cerrado;América Latina|Sudan|East Dominiqueton;138;$694272;11/05/2024;Justin Smith;M = Mantenimiento;1834;77%
171;13/11/2023;Público;Activo;América Latina|Moldova|Kleinville;433;$2131693;25/11/2024;Shelly Cooper;C = Cerrado;657;49%
172;21/03/2016;Público;Cerrado;América Latina|Albania|East Tyler;795;$5692559;02/03/2025;Adam Kelly;M = Mantenimiento;1900;9%
173;17/10/2024;Privado;Activo;América Latina|Vanuatu|Christopherport;461;$11961162;11/02/2023;Jacob James;C = Cerrado;1866;79%
174;29/10/2022;Privado;Cerrado;América Latina|Djibouti|Sharonfort;327;$18932277;18/07/2023;Diane Salazar;M = Mantenimiento;864;23%
175;23/07/2023;Público;En Construcción;América Latina|British Indian Ocean Territory (Chagos Archipelago)|Kellyfort;831;$8913383;21/05/2021;Lynn Howard;F = Funcionando;1964;49%
176;07/01/2018;Público;En Construcción;América Latina|Iran|Michellefort;108;$4189463;05/10/2024;Christian Cantu;F = Funcionando;738;2%
177;05/09/2022;Público;En Construcción;América Latina|Vanuatu|Victorville;640;$507902;26/08/2023;Julie Murray;M = Mantenimiento;954;70%
178;08/08/2024;Clínica;Cerrado;América Latina|Mongolia|Lake Reginald;517;$16039780;19/10/2021;Joseph Smith;F = Funcionando;1777;6%
179;18/12/2019;Clínica;En Construcción;América Latina|India|Port Tammy;819;$8849403;02/03/2025;Amanda Davis;F = Funcionando;1347;66%
180;31/03/2017;Público;Activo;América Latina|Greece|North Henry;351;$12080929;27/09/2023;Troy Smith;F = Funcionando;985;4%
181;03/08/2020;Público;Cerrado;América Latina|Bulgaria|Port Cassandraborough;650;$9682849;26/08/2020;Ryan Meyer;F = Funcionando;21;48%
182;16/06/2021;Privado;Activo;América Latina|Israel|New Gregorybury;977;$18447234;18/05/2021;John Smith;C = Cerrado;320;20%
183;06/05/2017;Público;Activo;América Latina|Serbia|New Stephanietown;665;$8189681;27/02/2023;Samantha Byrd;C = Cerrado;692;3%
184;26/08/2021;Privado;Cerrado;América Latina|Nepal|West Sierraville;704;$13408163;10/08/2021;Lisa Hopkins;F = Funcionando;483;30%
185;13/01/2019;Clínica;En Construcción;América Latina|Montserrat|Jameshaven;346;$5754813;30/09/2022;Melissa Wells;F = Funcionando;741;28%
186;02/05/2020;Público;En Construcción;América Latina|Kiribati|Whiteside;484;$12239870;10/12/2021;James Cunningham;C = Cerrado;302;49%
187;07/08/2018;Clínica;Activo;América Latina|Swaziland|South John;176;$19634094;24/08/2022;Allison Cummings;F = Funcionando;1426;49%
188;21/04/2015;Clínica;Activo;América Latina|Iraq|Walkerbury;162;$704638;05/07/2021;Darren Campbell;F = Funcionando;1707;41%
189;11/10/2021;Clínica;Activo;América Latina|Netherlands Antilles|Port Alexandra;49;$1633946;05/09/2020;Joseph Nunez;F = Funcionando;1193;78%
190;15/09/2024;Público;Activo;América Latina|Cape Verde|Benjaminburgh;699;$12796467;28/01/2024;Michael Jenkins;F = Funcionando;877;55%
191;01/03/2017;Clínica;Cerrado;América Latina|India|Port Stacymouth;350;$8370113;06/09/2024;Kelly Ramsey;F = Funcionando;765;65%
192;28/01/2017;Público;Cerrado;América Latina|Uzbekistan|Hernandezfort;419;$2501092;27/09/2024;Cindy Alexander;F = Funcionando;855;72%
193;03/09/2017;Clínica;En Construcción;América Latina|United Kingdom|Angelaborough;999;$3289907;30/03/2020;David Sawyer;M = Mantenimiento;1854;55%
194;06/05/2021;Público;En Construcción;América Latina|Panama|Port Tammyhaven;400;$7600870;16/05/2022;Virginia Mcclure;M = Mantenimiento;511;82%
195;17/08/2018;Privado;En Construcción;América Latina|Poland|East Nathan;952;$19557733;17/06/2024;Jeanette Branch;F = Funcionando;1731;32%
196;02/06/2018;Privado;Cerrado;América Latina|Lao People's Democratic Republic|East Jeffreyville;390;$18247912;02/01/2024;Jennifer Marshall;F = Funcionando;1257;78%
197;25/08/2020;Privado;Activo;América Latina|Uganda|Janettown;292;$1402381;11/04/2022;Jason Hudson;C = Cerrado;678;50%
198;25/02/2023;Clínica;Activo;América Latina|Mauritius|Lake Adam;557;$1684693;23/03/2025;Marvin Burns;F = Funcionando;1481;50%
199;17/01/2019;Público;En Construcción;América Latina|Mauritania|North Cassidyfort;758;$13240520;03/01/2024;Luis Ward;M = Mantenimiento;1913;13%
200;30/01/2016;Clínica;En Construcción;América Latina|Angola|New Tammy;628;$15551731;19/05/2020;Kayla Hernandez;F = Funcionando;367;43%
201;29/10/2017;Privado;En Construcción;América Latina|Nauru|Ramirezbury;172;$19853988;27/02/2022;Tammy Perez;M = Mantenimiento;1580;64%
202;23/02/2021;Público;En Construcción;América Latina|Vietnam|North Ericshire;363;$4837994;23/01/2023;Willie Mendoza;C = Cerrado;752;98%
203;09/06/2018;Privado;Cerrado;América Latina|Saint Lucia|North Ryanberg;541;$1858759;20/01/2024;Barbara Jordan;F = Funcionando;1816;32%
204;25/07/2015;Público;Cerrado;América Latina|Faroe Islands|Patrickstad;607;$10944157;13/09/2021;Mandy Mcgee;M = Mantenimiento;798;81%
205;29/08/2020;Público;En Construcción;América Latina|Bahamas|Zacharytown;574;$14519119;18/01/2021;Alex Roy MD;F = Funcionando;1417;52%
206;07/09/2018;Privado;En Construcción;América Latina|Bolivia|Mosesland;755;$7035187;02/07/2021;Benjamin Duarte;M = Mantenimiento;294;16%
207;11/07/2016;Público;Cerrado;América Latina|Antigua and Barbuda|West Colin;375;$5611916;04/06/2024;Christopher Alvarado;F = Funcionando;901;73%
208;18/07/2017;Privado;En Construcción;América Latina|Cook Islands|Baileyview;87;$2661374;06/11/2023;Valerie Kelley;M = Mantenimiento;1135;92%
209;02/04/2017;Clínica;Activo;América Latina|Lao People's Democratic Republic|Tonyaview;183;$5182761;19/01/2023;April Keller;F = Funcionando;356;29%
210;11/07/2018;Público;Cerrado;América Latina|Tunisia|Austintown;148;$16593747;15/09/2021;Michael Werner;M = Mantenimiento;1862;79%
211;15/05/2020;Clínica;En Construcción;América Latina|Guatemala|Davishaven;743;$11296510;26/11/2022;Bobby Krause;C = Cerrado;262;52%
212;18/03/2025;Privado;Activo;América Latina|China|Johnchester;360;$16879610;12/08/2023;Alexander Smith;M = Mantenimiento;1111;88%
213;14/09/2023;Público;En Construcción;América Latina|Belarus|Loganside;767;$18688777;06/07/2023;Richard Wright;M = Mantenimiento;500;48%
214;17/02/2024;Privado;En Construcción;América Latina|Maldives|West Carla;981;$15863306;04/03/2024;Kevin King;C = Cerrado;647;52%
215;16/05/2018;Privado;Activo;América Latina|Sri Lanka|Prestonville;709;$5217868;13/05/2022;Anthony Mccarthy;F = Funcionando;30;74%
216;07/01/2020;Clínica;Cerrado;América Latina|Antarctica (the territory South of 60 deg S)|North Kyle;731;$17401664;14/05/2024;Toni Smith;F = Funcionando;1447;99%
217;13/10/2022;Clínica;Cerrado;América Latina|Malta|Martinezbury;219;$17278592;29/09/2022;Jeffrey Terry;F = Funcionando;566;88%
218;06/07/2024;Clínica;Cerrado;América Latina|Chad|Jamesberg;182;$12661591;08/05/2021;Charles Arnold;F = Funcionando;1644;4%
219;30/09/2017;Público;Activo;América Latina|Anguilla|East Michelle;923;$12202291;08/11/2023;Michele Moore;C = Cerrado;1004;40%
220;29/10/2022;Público;Cerrado;América Latina|Brunei Darussalam|Lake John;473;$12434757;08/03/2025;Sean Norton;C = Cerrado;1446;32%
221;31/08/2022;Clínica;En Construcción;América Latina|Saint Helena|Tylerborough;841;$7724424;21/07/2020;Jonathan Lewis;F = Funcionando;1170;70%
222;29/07/2020;Público;Cerrado;América Latina|Lithuania|East Melissaside;952;$5687190;20/04/2020;Angela Nixon;F = Funcionando;1714;82%
223;30/01/2025;Público;Cerrado;América Latina|Samoa|Coleview;428;$7032115;03/03/2025;Mary Scott;M = Mantenimiento;1470;87%
224;04/01/2016;Privado;En Construcción;América Latina|Serbia|New John;31;$19761157;17/04/2021;Scott Dixon;F = Funcionando;1903;49%
225;30/11/2015;Público;En Construcción;América Latina|Kiribati|South Jennifer;588;$1850292;23/09/2024;Linda Beard;M = Mantenimiento;1923;11%
226;19/02/2018;Clínica;Cerrado;América Latina|Netherlands Antilles|West Elizabeth;424;$11274898;29/01/2022;Kathryn Barker;F = Funcionando;1057;58%
227;31/07/2016;Público;En Construcción;América Latina|Lesotho|New Randy;644;$3466036;12/08/2022;John Phillips;M = Mantenimiento;1726;64%
228;02/05/2023;Privado;Cerrado;América Latina|United States Minor Outlying Islands|Michaelfurt;670;$13273493;23/03/2022;Steven Evans;M = Mantenimiento;563;23%
229;24/05/2023;Público;Cerrado;América Latina|Mongolia|East Ryan;383;$5403265;27/07/2021;Charles Harper;M = Mantenimiento;1765;77%
230;23/10/2022;Público;En Construcción;América Latina|Martinique|Starkview;80;$2348207;30/05/2022;Matthew Williams;M = Mantenimiento;825;72%
231;16/07/2022;Privado;Cerrado;América Latina|Equatorial Guinea|Vazqueztown;104;$8959593;01/04/2021;David Bauer;M = Mantenimiento;490;14%
232;03/04/2015;Privado;Activo;América Latina|Tunisia|East Christine;378;$3209107;12/10/2024;Lisa Adams;F = Funcionando;1368;7%
233;27/12/2021;Clínica;Activo;América Latina|Palestinian Territory|North Cathyburgh;610;$18797692;26/05/2024;Rodney Long;F = Funcionando;34;4%
234;29/03/2020;Privado;Cerrado;América Latina|Guyana|Christopherchester;726;$16503258;26/02/2024;Patricia Smith;C = Cerrado;1433;13%
235;24/07/2020;Privado;Cerrado;América Latina|Guinea|Port Samantha;365;$11560694;24/03/2021;Christopher Barrett;F = Funcionando;1424;0%
236;12/05/2021;Público;Activo;América Latina|Madagascar|Willisbury;519;$10502053;10/10/2024;Steven Johnson;M = Mantenimiento;480;1%
237;20/09/2021;Privado;En Construcción;América Latina|Venezuela|New Christopher;979;$17128482;17/10/2021;Lori Mckenzie;M = Mantenimiento;207;9%
238;18/02/2017;Privado;Cerrado;América Latina|Bahamas|Teresamouth;442;$7641924;20/02/2025;Denise Rowland;C = Cerrado;772;48%
239;02/05/2021;Público;Activo;América Latina|Greenland|Paulaland;304;$6737788;15/07/2022;Stephanie Hunt;C = Cerrado;1609;61%
240;31/10/2020;Clínica;En Construcción;América Latina|Iraq|Fisherburgh;299;$12946306;13/04/2023;Cameron Sandoval;C = Cerrado;284;99%
241;17/08/2024;Público;En Construcción;América Latina|Solomon Islands|New Kiaraburgh;373;$16835706;24/12/2023;Mr. Brett Duran;M = Mantenimiento;488;83%
242;12/11/2017;Clínica;En Construcción;América Latina|Slovenia|Lake Michaelside;657;$12087691;02/04/2024;Lawrence Beltran;M = Mantenimiento;588;45%
243;11/10/2024;Privado;Cerrado;América Latina|Tuvalu|South Paulfort;299;$3582900;03/09/2024;Robert Miller;M = Mantenimiento;1870;37%
244;02/03/2019;Público;En Construcción;América Latina|Mozambique|North Jason;167;$11593246;26/10/2024;Amber Casey;F = Funcionando;1542;23%
245;26/07/2016;Privado;En Construcción;América Latina|Saint Martin|Richardside;244;$3740144;08/07/2020;Sherry Thomas;C = Cerrado;806;49%
246;29/08/2024;Privado;Cerrado;América Latina|Brunei Darussalam|New Stephanie;482;$19038255;25/05/2024;Donna King;C = Cerrado;471;86%
247;11/04/2019;Privado;Cerrado;América Latina|Algeria|New Kimland;328;$16380205;16/08/2024;Brittany Thomas;F = Funcionando;664;66%
248;11/11/2022;Clínica;Activo;América Latina|Burkina Faso|West Adammouth;104;$15879842;07/06/2024;Paul Miller;M = Mantenimiento;827;29%
249;25/04/2017;Privado;Activo;América Latina|Korea|Faithfort;599;$1406806;03/12/2022;Ethan Reyes;M = Mantenimiento;211;33%
250;12/04/2019;Público;Cerrado;América Latina|Lesotho|Stonebury;344;$6041868;17/12/2020;Shannon Edwards;F = Funcionando;390;89%
251;15/01/2024;Privado;Activo;América Latina|Cambodia|North Patrick;249;$1516123;26/01/2023;Kelly Cunningham;F = Funcionando;803;68%
252;07/10/2018;Público;Activo;América Latina|Papua New Guinea|Moralesmouth;129;$6739610;19/12/2023;Julie Reed;F = Funcionando;1537;59%
253;07/01/2023;Público;Activo;América Latina|Argentina|Harringtonstad;542;$13981932;15/12/2021;Danielle Jones;F = Funcionando;1119;22%
254;09/05/2016;Público;Activo;América Latina|Jordan|New Andrew;960;$13989350;13/10/2022;Laura Williams;M = Mantenimiento;992;0%
255;26/11/2018;Privado;Activo;América Latina|Guam|Toddchester;400;$1432288;01/04/2020;Cynthia Pena;C = Cerrado;1974;34%
256;03/09/2022;Público;Cerrado;América Latina|Tuvalu|Francesburgh;365;$12380116;08/11/2024;Karen Barrett;M = Mantenimiento;1406;58%
257;11/07/2024;Clínica;Activo;América Latina|Syrian Arab Republic|Dominguezshire;620;$17398675;30/08/2022;Michelle Lutz;F = Funcionando;535;13%
258;29/03/2021;Clínica;Activo;América Latina|Paraguay|New Scott;289;$859726;19/02/2023;Laura Grimes;C = Cerrado;310;79%
259;12/07/2021;Clínica;Activo;América Latina|Malaysia|Myersstad;398;$6998746;24/02/2022;David Allen;C = Cerrado;1371;40%
260;11/02/2021;Público;En Construcción;América Latina|Vanuatu|Sheribury;530;$16839635;29/03/2023;Brianna Sanchez;F = Funcionando;1166;13%
261;08/09/2023;Clínica;En Construcción;América Latina|Equatorial Guinea|New Janet;137;$17129101;24/03/2023;Jillian Harris;M = Mantenimiento;982;22%
262;22/01/2017;Privado;Cerrado;América Latina|Guinea-Bissau|Lake Leah;357;$4374554;13/12/2022;Elizabeth Hill;M = Mantenimiento;541;48%
263;07/04/2017;Público;Cerrado;América Latina|Tanzania|Stewarttown;527;$11310643;17/06/2020;Lindsey Martin;F = Funcionando;949;31%
264;25/10/2020;Privado;En Construcción;América Latina|Belgium|Walterfort;803;$13816775;05/05/2022;Michael Mcconnell;F = Funcionando;935;92%
265;25/12/2023;Público;Cerrado;América Latina|Hungary|Port Robinton;424;$15017931;01/12/2021;Derek Cortez;F = Funcionando;899;30%
266;17/08/2019;Privado;En Construcción;América Latina|Mexico|Farrellfort;496;$4780919;13/02/2022;Ann Miller;F = Funcionando;922;36%
267;24/12/2024;Privado;Cerrado;América Latina|Niue|New Veronicashire;507;$5043177;23/10/2022;Ruth Vang;C = Cerrado;1421;11%
268;03/04/2024;Público;En Construcción;América Latina|Dominica|North Kristinaport;965;$17424649;13/09/2020;Jenna Anderson;C = Cerrado;1398;15%
269;01/03/2024;Público;Activo;América Latina|Western Sahara|West Kenneth;361;$1280934;15/10/2024;Courtney Anderson;M = Mantenimiento;1801;79%
270;12/07/2017;Público;En Construcción;América Latina|Lithuania|Dustinview;409;$6345882;07/04/2021;Ryan Russell;M = Mantenimiento;1036;24%
271;07/10/2024;Público;En Construcción;América Latina|Congo|West Amandafort;58;$11423736;20/08/2023;Natalie Miller;C = Cerrado;1719;66%
272;13/06/2022;Público;Cerrado;América Latina|Niger|Latoyabury;345;$6197292;06/04/2020;Daniel Ray;C = Cerrado;1910;69%
273;12/04/2015;Clínica;Cerrado;América Latina|Brunei Darussalam|South Amanda;606;$14614023;05/10/2022;Mckenzie Bryant;F = Funcionando;1317;88%
274;20/11/2021;Clínica;En Construcción;América Latina|Kenya|Lake Dana;930;$19200732;15/08/2021;Ashlee Henry;F = Funcionando;1244;56%
275;09/10/2018;Público;Activo;América Latina|Namibia|Jefferyside;509;$10709822;17/03/2022;Brian Lawrence;C = Cerrado;1517;25%
276;05/10/2021;Público;Activo;América Latina|Maldives|Lake Monica;73;$4551979;27/10/2024;Dennis Gross;F = Funcionando;927;86%
277;12/03/2017;Clínica;Activo;América Latina|Somalia|Lake Casey;686;$3709251;12/06/2022;Jose Cooper;C = Cerrado;891;82%
278;15/11/2023;Clínica;En Construcción;América Latina|Saint Pierre and Miquelon|Dunnside;916;$11396414;02/02/2023;Elizabeth Wallace;M = Mantenimiento;1423;24%
279;10/11/2022;Público;En Construcción;América Latina|Israel|South James;580;$12013294;12/03/2025;James Hunter;C = Cerrado;917;50%
280;29/11/2019;Privado;Cerrado;América Latina|Palau|North James;335;$15772662;12/06/2021;Jennifer Clay;F = Funcionando;320;28%
281;21/09/2020;Público;Activo;América Latina|Malta|East Travis;986;$13272325;14/03/2021;Kayla Munoz;M = Mantenimiento;1469;69%
282;30/09/2020;Público;En Construcción;América Latina|Mali|Burkeview;731;$1613741;10/08/2023;Mark Kramer;F = Funcionando;851;26%
283;02/10/2018;Público;En Construcción;América Latina|Seychelles|Lake Deanna;609;$19162996;12/02/2025;Joseph Lewis;M = Mantenimiento;1127;26%
284;25/04/2015;Clínica;Activo;América Latina|Dominica|Ruizview;993;$4626204;04/06/2024;Gary Le;C = Cerrado;1336;62%
285;20/11/2021;Privado;En Construcción;América Latina|Rwanda|Natalieland;566;$18075513;26/04/2023;Jacqueline Howell;F = Funcionando;180;77%
286;16/02/2016;Clínica;En Construcción;América Latina|Tokelau|South Sandra;780;$563031;11/06/2021;Douglas Holmes;F = Funcionando;878;78%
287;30/07/2021;Privado;En Construcción;América Latina|Saint Vincent and the Grenadines|North William;95;$829634;04/11/2021;Heather Shepherd;F = Funcionando;1277;3%
288;27/02/2017;Clínica;Cerrado;América Latina|French Polynesia|Curtisfurt;386;$5196561;21/03/2022;Billy Soto;M = Mantenimiento;549;14%
289;17/10/2016;Clínica;En Construcción;América Latina|Comoros|Bellshire;295;$7416154;26/12/2020;Deborah Lewis;M = Mantenimiento;806;95%
290;30/08/2024;Clínica;En Construcción;América Latina|Burundi|Moonside;243;$19854873;13/05/2022;Andrew Brady;M = Mantenimiento;1936;11%
291;21/12/2020;Público;Activo;América Latina|Pitcairn Islands|Deborahville;333;$19651836;30/09/2020;Andrew Valencia;C = Cerrado;1013;8%
292;30/01/2022;Clínica;En Construcción;América Latina|Namibia|South Lorraineshire;455;$10768533;12/07/2021;Jamie Young;M = Mantenimiento;1513;3%
293;18/06/2016;Público;En Construcción;América Latina|Swaziland|South Debra;631;$4532188;21/05/2023;Charles Burke;F = Funcionando;1832;3%
294;30/11/2022;Público;Cerrado;América Latina|Cambodia|Port Kathryn;450;$8367477;08/05/2024;Andrea Ramirez;F = Funcionando;1308;34%
295;09/12/2017;Privado;En Construcción;América Latina|Lao People's Democratic Republic|Bethton;128;$11586721;14/10/2023;William Brown;M = Mantenimiento;785;78%
296;28/07/2018;Clínica;Activo;América Latina|Northern Mariana Islands|Myerstown;772;$18227048;01/03/2025;Christy Davis;C = Cerrado;142;43%
297;15/06/2022;Clínica;Cerrado;América Latina|Egypt|South Luis;24;$5466468;14/08/2024;Jennifer Stone;M = Mantenimiento;1698;2%
298;13/01/2025;Clínica;En Construcción;América Latina|Russian Federation|Jenniferside;349;$4669376;09/03/2025;Elizabeth Wallace;M = Mantenimiento;223;78%
299;08/08/2021;Clínica;En Construcción;América Latina|Dominica|Rebeccaport;988;$2320450;31/08/2020;Alexander Church;M = Mantenimiento;1188;13%
300;19/09/2019;Clínica;Activo;América Latina|Norfolk Island|Williamchester;891;$19719619;02/08/2022;Natasha Lee;F = Funcionando;1013;4%
301;15/08/2023;Clínica;Activo;América Latina|Ethiopia|Port Paulview;365;$3298601;26/03/2021;Deborah Powell;C = Cerrado;1732;90%
302;01/05/2021;Público;Activo;América Latina|Ethiopia|Lake Alexis;720;$7772679;09/12/2021;Shannon Rodriguez;M = Mantenimiento;432;77%
303;22/07/2015;Clínica;Cerrado;América Latina|Georgia|Christyborough;459;$11740899;23/11/2021;Bethany Davidson;F = Funcionando;571;92%
304;29/09/2017;Privado;Cerrado;América Latina|Senegal|Alexanderstad;882;$6787486;20/05/2022;Jacob Garcia;F = Funcionando;973;40%
305;14/02/2016;Público;En Construcción;América Latina|Spain|Andersontown;584;$65319;28/12/2024;Mercedes Pena;F = Funcionando;1372;41%
306;14/08/2017;Privado;Cerrado;América Latina|Northern Mariana Islands|South Brianport;810;$10897079;01/04/2023;Joseph Grant;F = Funcionando;193;78%
307;08/01/2022;Público;En Construcción;América Latina|Afghanistan|North Christopher;832;$3897310;04/01/2024;Craig Brooks;F = Funcionando;1477;35%
308;09/12/2021;Público;Cerrado;América Latina|Kyrgyz Republic|Amymouth;577;$11671383;31/03/2022;Brian Hardy;M = Mantenimiento;202;53%
309;15/05/2018;Clínica;Cerrado;América Latina|Brazil|Pamelaville;861;$13779662;20/12/2022;Antonio Mccall;F = Funcionando;184;75%
310;10/05/2016;Privado;En Construcción;América Latina|Chad|Martinmouth;188;$10001134;14/07/2021;Carol Bush;F = Funcionando;1306;55%
311;14/12/2020;Clínica;Cerrado;América Latina|Monaco|Smithville;303;$1101761;29/09/2020;Randy Clark;F = Funcionando;1731;1%
312;24/06/2022;Clínica;En Construcción;América Latina|Denmark|Brewerhaven;88;$10556348;16/01/2023;Jeffery Drake;M = Mantenimiento;1141;83%
313;18/02/2021;Privado;Activo;América Latina|Yemen|West Michael;812;$8398769;24/10/2021;Pamela Mcdonald;C = Cerrado;1078;17%
314;09/09/2022;Privado;Cerrado;América Latina|United Kingdom|Melvinburgh;67;$13089724;05/03/2021;Joel Day;M = Mantenimiento;595;74%
315;20/12/2018;Público;En Construcción;América Latina|Nigeria|Emmatown;983;$10544099;26/02/2025;Joseph Santana;C = Cerrado;1022;57%
316;22/03/2017;Clínica;Activo;América Latina|Iceland|Andreaton;443;$12615158;14/09/2022;Rebecca Wiley;F = Funcionando;1086;6%
317;03/12/2018;Público;Cerrado;América Latina|Congo|North Tracy;837;$16066196;25/11/2020;Joseph Powers;M = Mantenimiento;82;30%
318;13/10/2020;Público;En Construcción;América Latina|Nicaragua|Jaredchester;110;$6177653;10/05/2020;Patrick Stevenson;F = Funcionando;1986;56%
319;10/04/2015;Público;En Construcción;América Latina|Nicaragua|Mariechester;548;$13938334;28/06/2022;Diane Haas;F = Funcionando;1099;31%
320;08/02/2016;Privado;En Construcción;América Latina|Hong Kong|Jamesbury;284;$13613261;29/08/2021;Kristen Burton;M = Mantenimiento;984;89%
321;06/08/2021;Público;Activo;América Latina|Peru|Moorechester;736;$17640374;01/11/2024;Thomas Shannon;M = Mantenimiento;434;31%
322;01/12/2022;Público;Activo;América Latina|Namibia|Terrystad;828;$10144487;06/10/2021;Laurie Barton;F = Funcionando;401;70%
323;17/09/2018;Privado;Cerrado;América Latina|Jamaica|Benjaminport;37;$6131725;28/07/2020;Gary Bennett;F = Funcionando;1789;92%
324;29/06/2021;Privado;Cerrado;América Latina|Cape Verde|Port Patricia;976;$5312814;18/08/2024;Cassandra Munoz;F = Funcionando;1572;71%
325;13/07/2017;Público;Cerrado;América Latina|Christmas Island|Lake Abigailchester;707;$5687154;15/08/2023;James Collins;C = Cerrado;527;67%
326;22/07/2020;Privado;Cerrado;América Latina|Cayman Islands|Mooreville;769;$755810;20/07/2023;Nicholas Gross;C = Cerrado;963;25%
327;19/04/2018;Público;En Construcción;América Latina|India|New Lorimouth;181;$12834782;17/01/2024;Preston Dawson;C = Cerrado;814;27%
328;07/03/2018;Privado;Cerrado;América Latina|Venezuela|Schultzside;548;$16598453;18/11/2024;Barry Williams;F = Funcionando;279;11%
329;11/03/2023;Clínica;Activo;América Latina|Bermuda|Adrianport;930;$2792795;13/07/2020;Andrew Golden;F = Funcionando;1989;95%
330;04/12/2023;Público;Cerrado;América Latina|Latvia|New Donaldside;415;$15162355;01/12/2020;Michael Lawson;C = Cerrado;584;52%
331;08/11/2021;Privado;Cerrado;América Latina|Cook Islands|South Ryanville;415;$8715572;12/08/2022;Victoria Acosta;C = Cerrado;176;97%
332;03/12/2016;Público;Cerrado;América Latina|Bosnia and Herzegovina|Port Nathan;258;$7092971;29/06/2024;Angela Hunter;F = Funcionando;1579;6%
333;06/08/2015;Clínica;Activo;América Latina|Turkmenistan|North Jessica;719;$15023841;21/03/2025;Kelsey Nguyen;F = Funcionando;942;90%
334;26/03/2022;Clínica;Activo;América Latina|Mayotte|Stoutbury;624;$17152234;28/01/2023;Larry Horn;M = Mantenimiento;47;76%
335;29/11/2024;Público;En Construcción;América Latina|Saint Pierre and Miquelon|Sherrihaven;692;$12061797;10/02/2022;Charles Yang;M = Mantenimiento;1719;38%
336;04/03/2022;Clínica;Cerrado;América Latina|Palau|East Darrell;714;$8556321;10/09/2022;Mr. Vincent Roth;F = Funcionando;66;61%
337;20/12/2023;Clínica;Activo;América Latina|China|Lisamouth;633;$13367979;30/03/2021;Kathryn Simpson;M = Mantenimiento;989;38%
338;26/07/2021;Privado;Activo;América Latina|Gibraltar|Lake Darrell;496;$9978763;07/08/2023;Robert Hammond;C = Cerrado;1889;42%
339;26/10/2024;Privado;Cerrado;América Latina|Singapore|Grantton;627;$12824370;08/06/2023;Andrew Todd;M = Mantenimiento;1205;51%
340;12/08/2020;Clínica;Cerrado;América Latina|Slovakia (Slovak Republic)|West Brandon;315;$18998516;24/02/2025;Whitney Wong;F = Funcionando;406;55%
341;28/04/2015;Público;En Construcción;América Latina|Philippines|Jeremyburgh;536;$5667364;05/07/2021;Samantha Walters;C = Cerrado;307;76%
342;14/12/2016;Clínica;Cerrado;América Latina|Cook Islands|South Justinton;806;$17039139;14/07/2021;Lawrence Rivera;C = Cerrado;994;43%
343;22/02/2024;Privado;En Construcción;América Latina|Djibouti|North Dawn;318;$15357800;04/01/2024;Jordan Payne;C = Cerrado;1098;6%
344;28/09/2019;Clínica;Activo;América Latina|Niger|Tamarastad;273;$15445362;26/01/2022;Alice Cox;C = Cerrado;160;2%
345;17/01/2020;Público;Cerrado;América Latina|United Arab Emirates|Lake Erin;115;$8651801;22/07/2024;Nicole Oneal;F = Funcionando;1710;27%
346;06/04/2024;Público;Cerrado;América Latina|Hungary|Lake Mistyborough;187;$12142351;26/04/2023;Peter Martin DDS;C = Cerrado;1682;34%
347;21/01/2019;Público;Cerrado;América Latina|Kenya|West Bryan;682;$603319;28/11/2024;April Bartlett;F = Funcionando;1264;21%
348;25/09/2022;Privado;Activo;América Latina|Bolivia|West Gregory;412;$16820720;11/07/2021;Jennifer Ryan;C = Cerrado;763;45%
349;28/06/2019;Público;Cerrado;América Latina|Kyrgyz Republic|West Catherineview;452;$3920202;04/07/2021;Lawrence Johnson;C = Cerrado;70;98%
350;13/08/2024;Público;Activo;América Latina|Malaysia|South Joseph;618;$17890669;11/07/2023;Andrew Smith;M = Mantenimiento;742;94%
351;19/10/2020;Público;En Construcción;América Latina|Zambia|Jennifertown;211;$10762867;22/05/2020;Jean Ferguson;F = Funcionando;1649;22%
352;26/09/2020;Privado;Cerrado;América Latina|Malta|Petersfort;164;$19894482;19/02/2023;Nicole Lawson;C = Cerrado;854;75%
353;07/05/2017;Clínica;Activo;América Latina|Jersey|East Connormouth;937;$142235;22/05/2023;Mrs. Sarah Dalton;F = Funcionando;913;77%
354;24/01/2025;Público;Cerrado;América Latina|Liechtenstein|Travishaven;673;$4598224;11/11/2023;Patricia Ward DDS;C = Cerrado;194;53%
355;08/03/2019;Privado;En Construcción;América Latina|Martinique|West Patriciahaven;658;$6393961;10/12/2020;Gerald Williams;C = Cerrado;145;43%
356;21/02/2020;Público;En Construcción;América Latina|Belarus|East Courtneyshire;682;$9256918;02/12/2020;Eric Mora;M = Mantenimiento;1005;77%
357;24/01/2024;Privado;En Construcción;América Latina|United States Minor Outlying Islands|Bradville;927;$2663904;27/08/2024;Ashley Sandoval;M = Mantenimiento;1666;96%
358;17/03/2025;Público;Activo;América Latina|Haiti|Port Adrian;534;$8738721;07/01/2024;Mark Davis;C = Cerrado;1483;51%
359;17/10/2023;Clínica;En Construcción;América Latina|Western Sahara|Reynoldsfort;441;$5386704;05/09/2024;Robert Gill;C = Cerrado;1911;53%
360;11/07/2021;Público;Cerrado;América Latina|Congo|Charlesberg;682;$3822357;27/07/2022;Robert Cole;C = Cerrado;1603;14%
361;14/09/2017;Público;Cerrado;América Latina|Kyrgyz Republic|Lake Matthew;996;$16232540;04/05/2021;Joshua Munoz;M = Mantenimiento;1425;93%
362;15/07/2022;Público;Cerrado;América Latina|China|Lake Leslieview;792;$14336433;02/12/2024;Yvonne Rodriguez;M = Mantenimiento;585;100%
363;19/06/2018;Público;Cerrado;América Latina|Greece|Mathewtown;374;$17131838;10/03/2021;Margaret Jackson;C = Cerrado;1662;9%
364;27/10/2020;Público;Activo;América Latina|Lebanon|North Jennifer;632;$547438;20/09/2024;Ashley Gray;F = Funcionando;1839;15%
365;20/02/2016;Privado;En Construcción;América Latina|Kyrgyz Republic|Alvaradoberg;812;$16200849;13/07/2020;Mark Conley;F = Funcionando;661;80%
366;27/04/2021;Público;Activo;América Latina|Bhutan|Christophershire;729;$13204690;28/09/2020;Stephanie Bruce;C = Cerrado;1206;95%
367;11/04/2019;Público;Activo;América Latina|China|Parkmouth;224;$13888552;18/05/2023;Jennifer Orozco;F = Funcionando;116;76%
368;06/01/2017;Privado;Activo;América Latina|Central African Republic|East Danastad;583;$10022386;16/08/2023;Steven Davenport;M = Mantenimiento;848;69%
369;25/07/2018;Público;Cerrado;América Latina|Jamaica|Stephenton;866;$15004804;10/12/2020;Darrell Hall;C = Cerrado;317;71%
370;02/07/2016;Público;Cerrado;América Latina|Serbia|Hamiltonstad;222;$19798553;02/01/2024;Cesar Young;F = Funcionando;1721;11%
371;19/09/2020;Clínica;En Construcción;América Latina|Panama|Daltonshire;304;$9038281;11/02/2025;Stephanie Odom;M = Mantenimiento;453;51%
372;10/01/2024;Clínica;Activo;América Latina|Singapore|Andrewburgh;895;$1779734;08/08/2021;Michelle Rodriguez;C = Cerrado;1604;99%
373;23/08/2019;Público;Activo;América Latina|Bouvet Island (Bouvetoya)|South Alyssahaven;664;$9601504;19/01/2023;Nancy Bennett;F = Funcionando;1602;18%
374;11/06/2019;Clínica;Activo;América Latina|New Caledonia|Jeremymouth;970;$3892553;16/03/2025;Nathan Kirk;M = Mantenimiento;33;94%
375;30/12/2024;Privado;Activo;América Latina|Liberia|North Christopher;348;$19456566;29/06/2024;Pamela Rodriguez;F = Funcionando;196;47%
376;16/06/2018;Público;En Construcción;América Latina|Georgia|Port Bryan;471;$11183775;25/06/2020;Christopher Glover;C = Cerrado;1013;60%
377;19/10/2024;Clínica;Cerrado;América Latina|Pakistan|Paulaborough;96;$2763572;16/03/2022;Norman Carroll;M = Mantenimiento;918;49%
378;08/02/2024;Privado;Cerrado;América Latina|Saint Pierre and Miquelon|South Ericborough;501;$18547975;23/07/2020;Tara Snow;M = Mantenimiento;1082;9%
379;29/05/2018;Público;Activo;América Latina|Fiji|Kimberlymouth;669;$13458727;15/12/2021;Gary Adams;C = Cerrado;661;18%
380;12/12/2023;Público;Activo;América Latina|Kenya|Richardmouth;169;$1205836;22/11/2024;Nicole Mcfarland MD;M = Mantenimiento;1340;72%
381;27/08/2023;Público;Cerrado;América Latina|Rwanda|Mullinsfurt;79;$17644579;21/05/2022;Selena Hess;M = Mantenimiento;1177;38%
382;17/07/2016;Privado;Cerrado;América Latina|Christmas Island|Leeburgh;900;$16054172;15/05/2023;Angela Huynh;M = Mantenimiento;1231;40%
383;09/04/2020;Clínica;Cerrado;América Latina|Madagascar|New Melissa;936;$15711474;21/07/2023;Timothy Hamilton;C = Cerrado;727;29%
384;30/01/2017;Clínica;Activo;América Latina|Tajikistan|New Benjaminland;752;$12930750;11/03/2024;Sonya Garza;M = Mantenimiento;720;65%
385;18/09/2016;Público;Activo;América Latina|Cote d'Ivoire|Michaelville;598;$2631912;16/02/2022;Kenneth Boyd;M = Mantenimiento;247;47%
386;26/04/2021;Privado;Cerrado;América Latina|Serbia|Morrisonville;259;$18362277;11/12/2020;Anna Mckee;F = Funcionando;1082;64%
387;25/08/2024;Público;Activo;América Latina|Bulgaria|Lake Joseph;593;$12085847;16/03/2024;Jeremy Page;F = Funcionando;1950;46%
388;15/09/2020;Público;En Construcción;América Latina|Saudi Arabia|South Alexanderborough;285;$16358969;17/12/2021;Rebekah Howe;M = Mantenimiento;1568;53%
389;19/02/2021;Público;Cerrado;América Latina|Greenland|South Cathyport;798;$7974151;20/06/2021;Amy Rivera;C = Cerrado;1360;61%
390;10/01/2025;Clínica;Cerrado;América Latina|Monaco|Sherrytown;918;$11601454;15/03/2024;Caitlin Thomas;C = Cerrado;1664;100%
391;27/10/2020;Clínica;Activo;América Latina|Montenegro|Erinmouth;954;$1516085;20/06/2024;Raven Fuentes;C = Cerrado;1003;67%
392;17/12/2017;Clínica;Activo;América Latina|Finland|South Michelemouth;863;$12977513;19/04/2024;Robert Rivera;C = Cerrado;609;87%
393;24/04/2021;Clínica;En Construcción;América Latina|Liechtenstein|Smithmouth;228;$965871;12/10/2024;Alexander York;C = Cerrado;950;79%
394;06/10/2024;Clínica;Cerrado;América Latina|Sri Lanka|North Robert;187;$14870323;11/01/2024;Sheila Mclean;M = Mantenimiento;1204;41%
395;29/08/2021;Privado;Cerrado;América Latina|Burundi|Underwoodmouth;797;$4884754;26/11/2020;Heather Garza;C = Cerrado;899;50%
396;19/05/2023;Público;En Construcción;América Latina|Bermuda|North James;400;$9955873;12/03/2025;Sarah Bender;F = Funcionando;452;32%
397;10/07/2015;Público;Cerrado;América Latina|Togo|Riverastad;611;$12534426;12/03/2023;Joseph Waller;M = Mantenimiento;507;76%
398;18/08/2015;Privado;Cerrado;América Latina|Tunisia|Hamiltonbury;658;$4964504;16/08/2024;Kara Boyd;M = Mantenimiento;518;18%
399;16/03/2021;Privado;Cerrado;América Latina|Indonesia|Jasonshire;187;$18052725;27/12/2021;Cassandra Moran;C = Cerrado;1475;76%
400;29/03/2017;Público;En Construcción;América Latina|Yemen|West Jillberg;501;$6922436;02/10/2021;Zachary Carey;C = Cerrado;391;76%
401;24/11/2023;Privado;Cerrado;América Latina|Antarctica (the territory South of 60 deg S)|Port Jacobfurt;265;$3029487;21/04/2022;Keith Nichols;C = Cerrado;1037;26%
402;27/05/2017;Privado;En Construcción;América Latina|Samoa|Gallowayville;289;$17221339;09/02/2024;Caitlin Jacobs;F = Funcionando;744;52%
403;30/04/2021;Privado;Cerrado;América Latina|Tunisia|Parsonsborough;31;$1503821;05/12/2022;Alan Williams Jr.;F = Funcionando;1979;25%
404;03/03/2020;Clínica;Activo;América Latina|Palestinian Territory|New Kelly;877;$18747159;13/12/2023;Brittany Singleton;M = Mantenimiento;185;32%
405;28/04/2023;Clínica;En Construcción;América Latina|Afghanistan|Dianaside;715;$16372251;15/03/2024;Alexandria Gutierrez;M = Mantenimiento;1686;40%
406;14/12/2015;Clínica;Cerrado;América Latina|Fiji|Loriport;967;$12980811;24/01/2023;Nathaniel Hood;F = Funcionando;1788;14%
407;19/03/2021;Público;En Construcción;América Latina|Svalbard & Jan Mayen Islands|Smithbury;173;$8979740;07/05/2024;Elizabeth Smith;C = Cerrado;1494;71%
408;22/02/2022;Privado;En Construcción;América Latina|Korea|Lake Kimberlyton;571;$13970639;26/03/2024;James Thompson;M = Mantenimiento;787;28%
409;11/06/2017;Clínica;Activo;América Latina|Mexico|North Michellefurt;753;$2740305;09/04/2022;Ryan Johnson;C = Cerrado;206;64%
410;07/06/2018;Público;Cerrado;América Latina|Italy|New Lisa;606;$17265723;23/03/2023;Jennifer Palmer;M = Mantenimiento;1977;93%
411;19/07/2021;Clínica;Activo;América Latina|Taiwan|West Stephen;932;$18958346;01/03/2021;Andrew Wilson;F = Funcionando;61;5%
412;26/10/2022;Público;Cerrado;América Latina|Greenland|Lauraburgh;329;$3119506;16/02/2023;Anthony Reyes;C = Cerrado;1802;50%
413;28/04/2023;Clínica;Activo;América Latina|Saudi Arabia|Martinfurt;800;$19369569;03/03/2024;James Castro;C = Cerrado;1107;25%
414;02/09/2019;Privado;En Construcción;América Latina|Nigeria|Samanthahaven;172;$6214074;20/05/2021;Katelyn Armstrong;C = Cerrado;1968;28%
415;10/01/2016;Público;Activo;América Latina|Bouvet Island (Bouvetoya)|East Kevin;906;$7710876;03/11/2021;Victor Forbes;M = Mantenimiento;1035;100%
416;08/06/2021;Privado;Activo;América Latina|Cocos (Keeling) Islands|Scottstad;762;$9153686;06/12/2020;Michelle Estrada;F = Funcionando;180;17%
417;11/12/2017;Clínica;En Construcción;América Latina|Israel|Port Johnview;985;$6156808;17/03/2021;Melissa Adams;F = Funcionando;1802;75%
418;15/12/2018;Público;En Construcción;América Latina|French Polynesia|West Heidistad;560;$16147484;01/09/2021;Crystal Krause;C = Cerrado;278;96%
419;27/03/2017;Clínica;En Construcción;América Latina|Poland|Martinezview;93;$9420704;27/07/2023;Hannah Myers;C = Cerrado;1528;28%
420;07/01/2024;Público;Activo;América Latina|Paraguay|New Ryanville;853;$7000197;06/07/2021;Kayla Doyle;C = Cerrado;1202;86%
421;26/03/2024;Público;En Construcción;América Latina|Bosnia and Herzegovina|Craigstad;140;$4931299;20/02/2021;Donna Bradford;M = Mantenimiento;1122;5%
422;21/08/2022;Clínica;En Construcción;América Latina|French Polynesia|South Rachel;982;$7431583;24/06/2021;Tammy Carpenter;C = Cerrado;377;58%
423;25/08/2017;Privado;Cerrado;América Latina|Lesotho|West Ronald;912;$14900827;24/11/2024;Whitney Conner;F = Funcionando;1946;83%
424;25/08/2016;Clínica;Cerrado;América Latina|Svalbard & Jan Mayen Islands|Williamland;291;$6383246;30/11/2024;Randall Flores;F = Funcionando;736;62%
425;05/05/2021;Privado;En Construcción;América Latina|Liberia|West Brandon;561;$19801228;11/09/2023;Kevin Jones;M = Mantenimiento;466;36%
426;16/05/2016;Clínica;En Construcción;América Latina|India|West Connie;77;$5928762;16/05/2022;Lauren Phillips;M = Mantenimiento;253;75%
427;27/08/2020;Clínica;Activo;América Latina|Antarctica (the territory South of 60 deg S)|South Valeriechester;539;$4696596;11/11/2022;Reginald Martin;C = Cerrado;1802;58%
428;05/10/2021;Público;En Construcción;América Latina|Zambia|New Catherineport;277;$18040454;13/01/2022;Jessica Hernandez;F = Funcionando;1579;22%
429;24/03/2021;Clínica;Activo;América Latina|Turkmenistan|West Howard;281;$14830520;15/07/2023;Chase Palmer;M = Mantenimiento;790;65%
430;23/04/2021;Público;En Construcción;América Latina|Egypt|Lake Julieside;863;$13136887;04/02/2025;Michael Mills;C = Cerrado;1498;49%
431;24/03/2022;Clínica;Activo;América Latina|Venezuela|Mitchellland;800;$18205818;15/04/2021;Jennifer Hunt;C = Cerrado;331;83%
432;24/08/2018;Público;En Construcción;América Latina|Namibia|Jorgeland;641;$14937191;05/04/2024;Cameron Powers;C = Cerrado;1579;73%
433;21/08/2019;Privado;Activo;América Latina|Russian Federation|Vanessamouth;489;$6876537;07/07/2021;Nicholas Little;M = Mantenimiento;199;12%
434;27/05/2023;Clínica;En Construcción;América Latina|Saint Martin|Tiffanyfurt;134;$17052653;01/04/2021;Mark Ryan;C = Cerrado;975;95%
435;02/04/2019;Clínica;Activo;América Latina|Netherlands|New Melissaville;43;$6811610;25/10/2021;Brandon Martinez;F = Funcionando;512;12%
436;22/10/2021;Clínica;En Construcción;América Latina|Moldova|Tamarastad;426;$2387493;15/06/2021;Pamela Contreras;C = Cerrado;455;67%
437;02/06/2018;Público;Activo;América Latina|North Macedonia|Andrewmouth;513;$3098663;14/08/2021;Cindy Swanson;F = Funcionando;1913;12%
438;10/10/2019;Clínica;Activo;América Latina|Cayman Islands|East Ashleyton;628;$6603461;13/09/2020;Mary Hancock;C = Cerrado;1201;66%
439;17/03/2020;Clínica;Cerrado;América Latina|Georgia|Jillside;451;$13300564;23/10/2021;Melissa Archer;C = Cerrado;1889;33%
440;30/05/2021;Clínica;En Construcción;América Latina|Sweden|East Davidborough;665;$1018938;22/01/2025;Brian Burke;M = Mantenimiento;727;98%
441;28/02/2016;Público;Cerrado;América Latina|Taiwan|Chavezmouth;669;$1213154;22/03/2022;Pamela Warren;F = Funcionando;922;27%
442;24/01/2024;Clínica;Cerrado;América Latina|Ghana|East Cheryl;227;$285443;06/01/2023;Linda Todd;F = Funcionando;504;58%
443;29/10/2019;Privado;Activo;América Latina|Montenegro|South Joseph;628;$9313204;23/07/2023;Samantha Berry;C = Cerrado;613;50%
444;26/12/2024;Privado;Cerrado;América Latina|Qatar|Shannonville;747;$10031093;28/10/2024;Erica Jones;C = Cerrado;201;78%
445;08/08/2019;Público;En Construcción;América Latina|Guam|Port Danielmouth;389;$3014785;29/05/2024;Craig Nunez;F = Funcionando;1783;17%
446;18/04/2015;Privado;Activo;América Latina|Venezuela|North Kylemouth;887;$648216;17/10/2020;Alicia Yang;M = Mantenimiento;599;18%
447;27/12/2017;Clínica;Cerrado;América Latina|United States of America|Kristenview;389;$4935148;31/03/2021;Lindsey Velez;F = Funcionando;1060;41%
448;24/04/2018;Privado;Cerrado;América Latina|American Samoa|Danielland;752;$2586195;04/01/2021;Robert Ramirez;M = Mantenimiento;1870;24%
449;30/05/2024;Público;En Construcción;América Latina|Yemen|Lake Isaac;543;$14271882;31/01/2025;John Miller;C = Cerrado;1506;94%
450;11/02/2022;Privado;En Construcción;América Latina|China|Port Johnmouth;46;$4839009;16/01/2022;Glenn Maddox;M = Mantenimiento;177;36%
451;29/01/2024;Clínica;Cerrado;América Latina|Aruba|Luisview;168;$17723608;13/01/2024;Angela Meyers;F = Funcionando;1720;77%
452;15/07/2023;Privado;En Construcción;América Latina|Sri Lanka|Guerraburgh;169;$19692953;14/01/2022;Melissa Henry;F = Funcionando;1814;73%
453;13/09/2019;Privado;En Construcción;América Latina|Ecuador|Tammyville;768;$7150093;13/08/2024;Jeremy Gray;F = Funcionando;1948;20%
454;22/11/2023;Público;En Construcción;América Latina|Syrian Arab Republic|West Anthonytown;948;$18042810;16/07/2022;Michael Marshall;M = Mantenimiento;1938;22%
455;14/03/2022;Público;En Construcción;América Latina|Saint Pierre and Miquelon|Hoffmanview;778;$15827181;07/10/2020;David Warren;C = Cerrado;194;87%
456;28/12/2022;Privado;Cerrado;América Latina|Mozambique|Lauriemouth;958;$3355889;26/08/2022;George Williams;F = Funcionando;1032;31%
457;11/06/2020;Clínica;Activo;América Latina|Kenya|Lake Lisamouth;40;$19825144;15/06/2020;Christina Stevenson;F = Funcionando;973;33%
458;09/11/2020;Clínica;Cerrado;América Latina|Antarctica (the territory South of 60 deg S)|Edwardbury;273;$18924068;08/02/2023;Jessica Griffin;M = Mantenimiento;352;30%
459;18/12/2016;Clínica;Activo;América Latina|Guyana|Melindamouth;705;$19550955;18/05/2023;Aaron Garrison;C = Cerrado;1616;66%
460;28/11/2022;Público;En Construcción;América Latina|Yemen|East Wendymouth;675;$8210148;19/09/2024;Andrew Ferguson;F = Funcionando;483;18%
461;14/11/2016;Clínica;Cerrado;América Latina|Mozambique|North Donald;701;$4890499;25/12/2022;Albert Roberts;C = Cerrado;336;97%
462;12/01/2023;Clínica;Cerrado;América Latina|Serbia|East Briannatown;191;$2328812;30/01/2022;Gloria Downs;F = Funcionando;592;12%
463;03/01/2022;Privado;Cerrado;América Latina|Heard Island and McDonald Islands|Calvinborough;489;$19417466;18/01/2022;Darlene Hernandez;M = Mantenimiento;1204;53%
464;10/08/2023;Público;Cerrado;América Latina|Colombia|Port William;86;$4793223;11/11/2024;Kevin Garrett;M = Mantenimiento;140;44%
465;15/03/2016;Privado;En Construcción;América Latina|Chad|Jonathanview;662;$13733288;24/06/2022;Isaac Stewart;M = Mantenimiento;1874;2%
466;02/11/2017;Privado;Cerrado;América Latina|Somalia|West Seth;257;$7173558;24/08/2020;Debra Bates;F = Funcionando;1233;92%
467;10/06/2023;Público;Activo;América Latina|Isle of Man|East Eric;903;$17595264;17/07/2022;Mary Willis;F = Funcionando;947;40%
468;08/09/2017;Público;En Construcción;América Latina|Afghanistan|Derekmouth;440;$19452539;16/04/2022;Rhonda Davis;C = Cerrado;1141;16%
469;07/10/2015;Clínica;En Construcción;América Latina|Iceland|Colleenborough;742;$19158658;26/05/2022;Lisa Powell;C = Cerrado;1112;49%
470;04/09/2024;Público;En Construcción;América Latina|Tajikistan|Greenefurt;107;$14987022;22/11/2024;Christopher Huffman;C = Cerrado;1321;34%
471;13/06/2018;Público;Cerrado;América Latina|Madagascar|Moorefurt;278;$10326906;20/05/2021;Albert Conway;F = Funcionando;773;18%
472;18/02/2023;Privado;Activo;América Latina|Germany|Linhaven;405;$15058908;09/01/2024;Roy Henry;F = Funcionando;1313;99%
473;13/08/2016;Privado;Cerrado;América Latina|Costa Rica|Alexisport;646;$14272659;12/05/2023;Cristina Smith;M = Mantenimiento;1271;72%
474;07/10/2023;Clínica;Cerrado;América Latina|New Caledonia|Andersonview;209;$5429552;10/11/2023;Rebecca Gonzalez;F = Funcionando;566;13%
475;30/06/2016;Privado;Cerrado;América Latina|Iceland|Wardfort;273;$6688396;23/04/2023;Amanda Greene;M = Mantenimiento;1822;60%
476;26/10/2021;Privado;Cerrado;América Latina|Jamaica|Kyleberg;423;$4502998;11/09/2021;Mr. Zachary Allen PhD;C = Cerrado;1038;34%
477;29/04/2023;Público;Cerrado;América Latina|Yemen|Lake Ian;25;$7020886;22/01/2024;Norman Decker;M = Mantenimiento;555;90%
478;06/05/2019;Clínica;Activo;América Latina|Malta|Hannahchester;683;$1096990;05/10/2020;Chris Clark;M = Mantenimiento;655;41%
479;19/07/2016;Clínica;Cerrado;América Latina|Guatemala|Port Barbara;952;$6510518;29/03/2024;Cameron Michael;M = Mantenimiento;860;99%
480;28/12/2020;Público;Cerrado;América Latina|Finland|North Joshua;136;$8437383;19/12/2024;Jason Cook;M = Mantenimiento;1578;92%
481;15/03/2021;Privado;En Construcción;América Latina|Malta|Melissaside;187;$11929530;06/12/2024;Alyssa Chandler;M = Mantenimiento;1758;55%
482;26/04/2021;Privado;En Construcción;América Latina|South Africa|Pamelashire;608;$3592262;01/04/2024;Javier Contreras;F = Funcionando;1162;57%
483;03/03/2021;Público;Activo;América Latina|Tunisia|Monicaside;25;$17662711;18/12/2021;Wendy Williams;C = Cerrado;811;83%
484;03/07/2016;Privado;Activo;América Latina|Swaziland|Lisastad;412;$3292324;18/04/2024;Vanessa Bass;M = Mantenimiento;137;86%
485;28/04/2023;Privado;Cerrado;América Latina|Iran|North Christineborough;184;$10162385;19/04/2021;Jennifer Williams;M = Mantenimiento;1098;15%
486;28/03/2024;Clínica;Cerrado;América Latina|Uruguay|Lake Michaelchester;704;$11370501;04/02/2023;Jennifer Morgan;F = Funcionando;315;0%
487;10/04/2016;Público;En Construcción;América Latina|Saint Kitts and Nevis|West Joe;781;$11382581;13/07/2023;Cindy Charles;M = Mantenimiento;1754;25%
488;06/08/2019;Público;En Construcción;América Latina|Togo|North Susan;912;$19226317;24/08/2021;Cindy Hicks;M = Mantenimiento;555;69%
489;14/05/2023;Público;En Construcción;América Latina|Nicaragua|Melissamouth;419;$548423;26/03/2025;Kathleen Lewis;F = Funcionando;29;13%
490;03/10/2015;Privado;Cerrado;América Latina|United Kingdom|West Ryanville;222;$10534739;26/02/2024;Gary Howell;C = Cerrado;255;64%
491;02/12/2024;Privado;Activo;América Latina|Bolivia|Port Kristin;114;$18329054;10/03/2024;James Hernandez;C = Cerrado;611;94%
492;28/06/2018;Público;Activo;América Latina|Bulgaria|East Benjamin;953;$3783389;04/02/2023;Joshua Young;C = Cerrado;356;56%
493;08/12/2023;Público;Activo;América Latina|Cuba|West Greggport;486;$8701432;02/10/2020;Todd Alvarez;C = Cerrado;363;56%
494;07/02/2023;Clínica;Cerrado;América Latina|Comoros|Caldwellborough;37;$18864573;28/05/2024;Jeffrey Myers;M = Mantenimiento;53;15%
495;21/07/2016;Público;En Construcción;América Latina|Nepal|Rodriguezbury;94;$12848848;15/04/2023;Scott Hill;F = Funcionando;545;92%
496;20/04/2018;Privado;Activo;América Latina|Trinidad and Tobago|South Jeffrey;484;$16984211;21/02/2023;Robert Simmons;C = Cerrado;1734;47%
497;22/07/2022;Público;En Construcción;América Latina|Anguilla|Lake Brandonchester;665;$330798;08/01/2025;Gary Johnson;C = Cerrado;882;77%
498;20/10/2020;Público;En Construcción;América Latina|Botswana|Hillton;365;$17267301;30/03/2024;Gregory Brock;M = Mantenimiento;988;80%
499;23/11/2022;Clínica;En Construcción;América Latina|British Indian Ocean Territory (Chagos Archipelago)|Lake Aliciaville;911;$8548525;01/06/2024;Amanda Vargas;M = Mantenimiento;578;99%
500;13/05/2019;Público;Activo;América Latina|Fiji|North Henryberg;910;$7507160;07/01/2023;Thomas Sloan;M = Mantenimiento;682;82%
